{
  "0": {
    "precision": 0.9591836734693877,
    "recall": 0.9456740442655935,
    "f1-score": 0.9523809523809523,
    "support": 497.0
  },
  "1": {
    "precision": 0.9831880448318805,
    "recall": 0.9874921826141339,
    "f1-score": 0.9853354134165366,
    "support": 1599.0
  },
  "accuracy": 0.9775763358778626,
  "macro avg": {
    "precision": 0.9711858591506342,
    "recall": 0.9665831134398637,
    "f1-score": 0.9688581828987445,
    "support": 2096.0
  },
  "weighted avg": {
    "precision": 0.977496168607091,
    "recall": 0.9775763358778626,
    "f1-score": 0.9775213069591486,
    "support": 2096.0
  }
}