{
  "0": {
    "precision": 0.9667359667359667,
    "recall": 0.9356136820925554,
    "f1-score": 0.950920245398773,
    "support": 497.0
  },
  "1": {
    "precision": 0.9801857585139319,
    "recall": 0.9899937460913071,
    "f1-score": 0.985065339141257,
    "support": 1599.0
  },
  "accuracy": 0.9770992366412213,
  "macro avg": {
    "precision": 0.9734608626249492,
    "recall": 0.9628037140919312,
    "f1-score": 0.967992792270015,
    "support": 2096.0
  },
  "weighted avg": {
    "precision": 0.9769965664749773,
    "recall": 0.9770992366412213,
    "f1-score": 0.9769689118559448,
    "support": 2096.0
  }
}