{
  "0": {
    "precision": 0.9734151329243353,
    "recall": 0.9577464788732394,
    "f1-score": 0.9655172413793104,
    "support": 497.0
  },
  "1": {
    "precision": 0.9869321717485999,
    "recall": 0.991869918699187,
    "f1-score": 0.9893948845913911,
    "support": 1599.0
  },
  "accuracy": 0.9837786259541985,
  "macro avg": {
    "precision": 0.9801736523364677,
    "recall": 0.9748081987862132,
    "f1-score": 0.9774560629853508,
    "support": 2096.0
  },
  "weighted avg": {
    "precision": 0.9837270342029608,
    "recall": 0.9837786259541985,
    "f1-score": 0.9837330579328015,
    "support": 2096.0
  }
}